strain,carbonSource,Area_Under_Curve,Growth
Day0Anc,L-Homoserine,-14.525750011205682,FALSE
Day0Anc,Phenylethylamine,-8.896200053,FALSE
Day0Anc,2-Deoxy Adenosine,-7.4089999959999995,FALSE
Day0Anc,D-Galactose,-4.260099994,FALSE
Day0Anc,Glucuronamide,-3.819999948,FALSE
Day0Anc,Sec-Butylamine,-3.759950138628458,FALSE
Day0Anc,2-Hydroxy Benzoic Acid,-3.666299991309628,FALSE
Day0Anc,D-Fucose,-2.8386498764157144,FALSE
Day0Anc,3-Hydroxy 2-Butanone,-2.1563000082969412,FALSE
Day0Anc,Glyoxylic Acid,-2.047500117,FALSE
Day0Anc,L-Tartaric Acid,-1.8820999115705177,FALSE
Day0Anc,D-Melibiose,-1.8366999640000001,FALSE
Day0Anc,Dulcitol,-1.5421000859999998,FALSE
Day0Anc,Thymidine,-1.5419000479999998,FALSE
Day0Anc,Mannan,-1.434399947524066,FALSE
Day0Anc,beta-Methyl-D-Xyloside,-1.3699499815702354,FALSE
Day0Anc,Sucrose,-1.304299872,FALSE
Day0Anc,L-Arabinose,-1.208299968,FALSE
Day0Anc,5-Keto-D-Gluconic Acid,-1.1918499544262784,FALSE
Day0Anc,Gentiobiose,-1.155250020325177,FALSE
Day0Anc,D-Galacturonic Acid,-1.0606000420000001,FALSE
Day0Anc,D-Raffinose,-0.8044999167323095,FALSE
Day0Anc,D-Cellobiose,-0.793600106,FALSE
Day0Anc,D-Tartaric Acid,-0.7005500569939471,FALSE
Day0Anc,D-Mannose,-0.5086999809999997,FALSE
Day0Anc,"1,2-Propanediol",-0.46329985499999976,FALSE
Day0Anc,2-Deoxy-D-Ribose,-0.3713500052690416,FALSE
Day0Anc,N-Acetyl-D-Galactosamine,-0.36799997091293274,FALSE
Day0Anc,Maltose,-0.357099936,FALSE
Day0Anc,"2,3-Butanediol",-0.22654999792576208,FALSE
Day0Anc,Lactulose,-0.07400001599999997,FALSE
Day0Anc,Glycolic Acid,0.12450001599999999,FALSE
Day0Anc,L-Galactonic Acid-gamma-Lactone,0.2537000210000001,FALSE
Day0Anc,D-Threonine,0.3392999280000003,FALSE
Day0Anc,gamma-Cyclodextrin,0.36480008065700675,FALSE
Day0Anc,N-Acetyl-Neuraminic Acid,0.4832499772310229,FALSE
Day0Anc,i-Erythritol,0.5182499289512663,FALSE
Day0Anc,L-Glucose,0.5184499472379636,FALSE
Day0Anc,beta-Methyl-D-Glucuronic Acid,0.6752001121640159,FALSE
Day0Anc,D-Psicose,0.6913001249999996,FALSE
Day0Anc,Palatinose,0.7500499933958077,FALSE
Day0Anc,gamma-Hydroxy Butyric Acid,0.784199900925159,FALSE
Day0Anc,D-Xylose,0.8315000830000001,FALSE
Day0Anc,L-Sorbose,0.8498499020933965,FALSE
Day0Anc,Chondroitin Sulfate C,0.867699943482876,FALSE
Day0Anc,alpha-Cyclodextrin,0.9815499335527497,FALSE
Day0Anc,alpha-D-Lactose,1.0923999530000004,FALSE
Day0Anc,D-Melezitose,1.1093498915433913,FALSE
Day0Anc,Maltotriose,1.2394000290000005,FALSE
Day0Anc,Stachyose,1.2660998925566678,FALSE
Day0Anc,L-Rhamnose,1.3356000020000005,FALSE
Day0Anc,Lactitol,1.4607499316334756,FALSE
Day0Anc,Salicin,1.485849887132644,FALSE
Day0Anc,L-Arabitol,1.5209498479962489,FALSE
Day0Anc,Arbutin,1.5724499449133937,FALSE
Day0Anc,D-Sorbitol,1.6354001650000003,FALSE
Day0Anc,"D-Ribono-1,4-Lactone",1.7731499448418713,FALSE
Day0Anc,Turanose,1.8089001029729972,FALSE
Day0Anc,beta-D-Allose,1.8091999664902734,FALSE
Day0Anc,Adenosine,2.1937999770000003,FALSE
Day0Anc,Amygdalin,2.273550018668179,FALSE
Day0Anc,Adonitol,2.2910000950000002,FALSE
Day0Anc,D-Glucosaminic Acid,2.3261001850000005,FALSE
Day0Anc,beta-Methyl-D Glucoside,2.4123998450000004,FALSE
Day0Anc,alpha-Methyl-D Galactoside,2.497199933,FALSE
Day0Anc,D-Tagatose,2.56450009346008,FALSE
Day0Anc,Xylitol,2.5870999693870744,FALSE
Day0Anc,L-Methionine,2.6509000360965795,FALSE
Day0Anc,N-Acetyl-D-Glucosaminitol,2.8329499363899417,FALSE
Day0Anc,a-Methyl-D-Glucoside,2.8486998900771296,FALSE
Day0Anc,D-Glucuronic Acid,2.8827000210000002,FALSE
Day0Anc,alpha-Methyl-D-Mannoside,2.9265998974442615,FALSE
Day0Anc,D-Glucose-1-Phosphate,2.950399984,FALSE
Day0Anc,"2,3-Butanone",2.9645999819040547,FALSE
Day0Anc,Glycyl-L-Glutamic Acid,3.2174999890000002,FALSE
Day0Anc,D-Glucose-6-Phosphate,3.3215999800000002,FALSE
Day0Anc,beta-Cyclodextrin,3.3449999913573363,FALSE
Day0Anc,beta-Methyl-D-Galactoside,3.3524499535560848,FALSE
Day0Anc,Tricarballylic Acid,3.5022999750000006,FALSE
Day0Anc,3-Methyl Glucose,3.5316499844193605,FALSE
Day0Anc,Maltitol,3.550099909305585,FALSE
Day0Anc,Acetoacetic Acid,3.6493999300000004,FALSE
Day0Anc,Melibionic Acid,3.8516000360250677,FALSE
Day0Anc,D-Malic Acid,3.8792000210000004,FALSE
Day0Anc,D-Arabinose,3.994499981403357,FALSE
Day0Anc,Mucic Acid,4.022499925000001,FALSE
Day0Anc,Sedoheptulosan,4.171249903738512,FALSE
Day0Anc,Laminarin,4.237349979579462,FALSE
Day0Anc,D-Saccharic Acid,4.295500044,FALSE
Day0Anc,Glycyl-L-Aspartic Acid,4.375599975,FALSE
Day0Anc,3-0-beta-D-Galactopyranosyl-D-Arabinose,4.427000083029297,FALSE
Day0Anc,D-Aspartic Acid,4.5637999240000005,FALSE
Day0Anc,Citraconic Acid,4.604100070893766,FALSE
Day0Anc,Acetamide,4.690949976444273,FALSE
Day0Anc,D-Serine,5.019799971,FALSE
Day0Anc,N-Acetyl-beta-D Mannosamine,5.078799785,FALSE
Day0Anc,Uridine,5.343499957,FALSE
Day0Anc,m-Inositol,5.575699966,FALSE
Day0Anc,Dihydroxy Acetone,5.705399967730065,FALSE
Day0Anc,Formic Acid,5.807999961,FALSE
Day0Anc,Oxalic Acid,5.912799857556837,FALSE
Day0Anc,D-Fructose-6-Phosphate,5.918699882,FALSE
Day0Anc,Pectin,6.16724993288518,FALSE
Day0Anc,L-Valine,6.449300050735487,FALSE
Day0Anc,Dextrin,6.645400106906899,FALSE
Day0Anc,m-Hydroxy Phenyl Acetic Acid,6.722699926,FALSE
Day0Anc,Glycogen,6.72440008074047,FALSE
Day0Anc,L-Threonine,6.860399925,FALSE
Day0Anc,D-Ribose,7.15050013,FALSE
Day0Anc,alpha-Hydroxy Glutaric Acid-gamma-Lactone,7.943599945,FALSE
Day0Anc,Oxalomalic Acid,8.12910005450249,FALSE
Day0Anc,Quinic Acid,8.158999934792535,FALSE
Day0Anc,D-Glucosamine,8.653150007128732,FALSE
Day0Anc,L-Fucose,8.81960011,FALSE
Day0Anc,L-Lyxose,9.303199999,FALSE
Day0Anc,D-Galactonic Acid-gamma-Lactone,9.426400185,FALSE
Day0Anc,m-Tartaric Acid,9.486999883000001,FALSE
Day0Anc,Glycine,9.57839996367695,FALSE
Day0Anc,"D,L-alpha-Glycerol Phosphate",9.974200083,FALSE
Day0Anc,L-Serine,10.251900039,FALSE
Day0Anc,L-Alaninamide,10.88274998962881,FALSE
Day0Anc,alpha-Keto-Butyric Acid,11.695799851,FALSE
Day0Anc,D-Arabitol,12.250449977815164,FALSE
Day0Anc,alpha-Hydroxy Butyric Acid,12.533699952000001,FALSE
Day0Anc,Inulin,12.764200039207953,FALSE
Day0Anc,Gelatin,13.407349988818183,FALSE
Day0Anc,Methyl Pyruvate,13.649400034000001,FALSE
Day0Anc,L-Lysine,14.245950110256684,FALSE
Day0Anc,a-Keto-Valeric Acid,15.341299965977687,FALSE
Day0Anc,L-Phenylalanine,15.455799855291861,FALSE
Day0Anc,"D,L-Carnitine",18.523449935019027,TRUE
Day0Anc,N-Acetyl-D Glucosamine,20.224199994,TRUE
Day0Anc,Mono Methyl Succinate,24.286599888,TRUE
Day0Anc,Inosine,25.097899929,TRUE
Day0Anc,L-Alanyl-Glycine,25.141699867,TRUE
Day0Anc,Sebacic Acid,26.52155023068192,TRUE
Day0Anc,Bromo Succinic Acid,26.856299976,TRUE
Day0Anc,L-Ornithine,27.495600081980225,TRUE
Day0Anc,D-Lactic Acid Methyl Ester,28.297799833118923,TRUE
Day0Anc,Malonic Acid,28.977449856698524,TRUE
Day0Anc,Acetic Acid,32.098000141,TRUE
Day0Anc,D-Fructose,34.549799829,TRUE
Day0Anc,Pyruvic Acid,34.573100098,TRUE
Day0Anc,D-Trehalose,34.814300078,TRUE
Day0Anc,Succinamic Acid,36.461999960243716,TRUE
Day0Anc,Citramalic Acid,36.774000234901905,TRUE
Day0Anc,L-Arginine,37.75285001844169,TRUE
Day0Anc,L-Lactic Acid,39.037999857,TRUE
Day0Anc,L-Leucine,40.38939990848304,TRUE
Day0Anc,Sorbic Acid,41.10399993509056,TRUE
Day0Anc,L-Malic Acid,43.445099928,TRUE
Day0Anc,L-Isoleucine,44.81379992514849,TRUE
Day0Anc,Butyric Acid,46.90299997478726,TRUE
Day0Anc,Succinic Acid,46.958699658,TRUE
Day0Anc,Fumaric Acid,47.532699878,TRUE
Day0Anc,2-Aminoethanol,48.490699913,TRUE
Day0Anc,Capric Acid,48.601249814033515,TRUE
Day0Anc,"D,L-Malic Acid",49.2636,TRUE
Day0Anc,Propionic Acid,49.715699935,TRUE
Day0Anc,D-Mannitol,51.625000092,TRUE
Day0Anc,D-Alanine,51.775200044,TRUE
Day0Anc,Citric Acid,55.19640025,TRUE
Day0Anc,Tween 20,55.296899746,TRUE
Day0Anc,L-Histidine,55.9692500308156,TRUE
Day0Anc,beta-Hydroxy Butyric Acid,57.27259989827873,TRUE
Day0Anc,Itaconic Acid,57.62115002423526,TRUE
Day0Anc,L-Glutamic Acid,58.315700205,TRUE
Day0Anc,Glycerol,58.544999881,TRUE
Day0Anc,delta-Amino Valeric Acid,58.8890499547124,TRUE
Day0Anc,L-Aspartic Acid,59.166899977,TRUE
Day0Anc,L-Alanine,64.506100193,TRUE
Day0Anc,L-Pyroglutamic Acid,64.91100015491247,TRUE
Day0Anc,alpha-Keto-Glutaric Acid,65.035900107,TRUE
Day0Anc,4-Hydroxy Benzoic Acid,67.98800022155048,TRUE
Day0Anc,Hydroxy-L-Proline,68.30350016802551,TRUE
Day0Anc,L-Asparagine,68.450199963,TRUE
Day0Anc,Caproic Acid,70.44120042771102,TRUE
Day0Anc,D-Gluconic Acid,71.673300132,TRUE
Day0Anc,L-Glutamine,72.545300079,TRUE
Day0Anc,Tween 40,74.075399911,TRUE
Day0Anc,Glycyl-L-Proline,74.30730002600001,TRUE
Day0Anc,Tween 80,81.374600121,TRUE
Day0Anc,D.L-Octopamine,82.08369996398689,TRUE
Day0Anc,alpha-D-Glucose,83.493099794,TRUE
Day0Anc,Putrescine,83.7467502579093,TRUE
Day0Anc,L-Proline,84.481899802,TRUE
Day0Anc,N-Acetyl-L-Glutamic Acid,86.29830012470484,TRUE
Day0Anc,p-Hydroxy Phenyl Acetic Acid,88.920299624,TRUE
Day0Anc,gamma-Amino Butyric Acid,91.94984994083644,TRUE
Day0Anc,Tyramine,103.385000504,TRUE
Day20C2,L-Homoserine,-24.97490005940198,FALSE
Day20C2,Glycogen,-19.38009983301162,FALSE
Day20C2,L-Methionine,-14.598000019788753,FALSE
Day20C2,2-Hydroxy Benzoic Acid,-12.828100100159647,FALSE
Day20C2,Pectin,-11.739899903535846,FALSE
Day20C2,2-Deoxy-D-Ribose,-11.59979990124702,FALSE
Day20C2,Mannan,-11.54220005869865,FALSE
Day20C2,L-Arabitol,-11.103400006890292,FALSE
Day20C2,"2,3-Butanediol",-10.69910000264646,FALSE
Day20C2,Glyoxylic Acid,-9.704100117000001,FALSE
Day20C2,L-Tartaric Acid,-9.368099987506861,FALSE
Day20C2,D-Galacturonic Acid,-9.278800041,FALSE
Day20C2,L-Rhamnose,-9.188800153,FALSE
Day20C2,D-Galactose,-8.564300062000001,FALSE
Day20C2,Laminarin,-8.160199999809262,FALSE
Day20C2,Sec-Butylamine,-8.003499940037738,FALSE
Day20C2,D-Melezitose,-7.878600046038629,FALSE
Day20C2,i-Erythritol,-7.863300055265419,FALSE
Day20C2,Glucuronamide,-7.603600095,FALSE
Day20C2,Xylitol,-7.4132998436689315,FALSE
Day20C2,Lactitol,-7.359399944543856,FALSE
Day20C2,Phenylethylamine,-7.019199970000001,FALSE
Day20C2,Maltose,-6.9566000930000005,FALSE
Day20C2,beta-Methyl-D-Galactoside,-6.78789997100832,FALSE
Day20C2,D-Fucose,-6.718400061130528,FALSE
Day20C2,Lactulose,-6.712299956,FALSE
Day20C2,Acetamide,-6.648300036787992,FALSE
Day20C2,Arbutin,-6.532199963927273,FALSE
Day20C2,L-Galactonic Acid-gamma-Lactone,-6.522600077,FALSE
Day20C2,N-Acetyl-D-Glucosaminitol,-6.374399960041063,FALSE
Day20C2,Maltotriose,-6.222400110000001,FALSE
Day20C2,Chondroitin Sulfate C,-6.16279996931554,FALSE
Day20C2,beta-Methyl-D-Xyloside,-6.0890999883413315,FALSE
Day20C2,D-Cellobiose,-6.080399987000001,FALSE
Day20C2,D-Saccharic Acid,-5.630000207000001,FALSE
Day20C2,D-Threonine,-5.363000158,FALSE
Day20C2,"D-Ribono-1,4-Lactone",-5.27930003404617,FALSE
Day20C2,alpha-Cyclodextrin,-5.177800059318535,FALSE
Day20C2,3-Hydroxy 2-Butanone,-5.085500076413155,FALSE
Day20C2,"2,3-Butanone",-5.040600031614305,FALSE
Day20C2,Stachyose,-4.944699928164489,FALSE
Day20C2,D-Melibiose,-4.917200090000001,FALSE
Day20C2,alpha-Methyl-D-Mannoside,-4.845500007271777,FALSE
Day20C2,Dulcitol,-4.637199993,FALSE
Day20C2,2-Deoxy Adenosine,-4.554500160000001,FALSE
Day20C2,Adonitol,-4.231600133000001,FALSE
Day20C2,D-Glucuronic Acid,-4.149700013,FALSE
Day20C2,a-Methyl-D-Glucoside,-4.063599884510043,FALSE
Day20C2,D-Mannose,-3.957700185,FALSE
Day20C2,m-Tartaric Acid,-3.754500116,FALSE
Day20C2,Maltitol,-3.427900090813635,FALSE
Day20C2,D-Tartaric Acid,-3.329100012779233,FALSE
Day20C2,D-Aspartic Acid,-3.2764000639999997,FALSE
Day20C2,N-Acetyl-beta-D Mannosamine,-3.0647000500000003,FALSE
Day20C2,alpha-Methyl-D Galactoside,-2.9344002000000007,FALSE
Day20C2,3-Methyl Glucose,-2.681399911642063,FALSE
Day20C2,D-Tagatose,-2.2769998908042832,FALSE
Day20C2,Amygdalin,-2.0886998772621235,FALSE
Day20C2,D-Arabinose,-1.633399873971947,FALSE
Day20C2,beta-Cyclodextrin,-1.4872999787330672,FALSE
Day20C2,D-Xylose,-1.4154999310000005,FALSE
Day20C2,L-Glucose,-1.4064000099897402,FALSE
Day20C2,N-Acetyl-D-Galactosamine,-1.3958999067544915,FALSE
Day20C2,D-Sorbitol,-1.3119000920000006,FALSE
Day20C2,D-Glucose-6-Phosphate,-1.3020999820000005,FALSE
Day20C2,Palatinose,-1.2878999859094642,FALSE
Day20C2,Gentiobiose,-1.0300999581813794,FALSE
Day20C2,Salicin,-0.6914000362157873,FALSE
Day20C2,D-Fructose-6-Phosphate,-0.45330007900000024,FALSE
Day20C2,Sucrose,-0.28210014100000036,FALSE
Day20C2,Glycolic Acid,0.0507999349999996,FALSE
Day20C2,Melibionic Acid,0.3831999450922039,FALSE
Day20C2,D-Galactonic Acid-gamma-Lactone,0.496399861,FALSE
Day20C2,m-Hydroxy Phenyl Acetic Acid,0.794899835,FALSE
Day20C2,Formic Acid,0.9157998970000001,FALSE
Day20C2,L-Valine,1.072199881076808,FALSE
Day20C2,Acetoacetic Acid,1.1512999019999994,FALSE
Day20C2,L-Sorbose,1.3351000100374149,FALSE
Day20C2,beta-Methyl-D Glucoside,1.4523999619999994,FALSE
Day20C2,L-Fucose,1.617999888,FALSE
Day20C2,Thymidine,2.2870999409999997,FALSE
Day20C2,N-Acetyl-Neuraminic Acid,2.403099954128264,FALSE
Day20C2,Mucic Acid,2.4902999379999997,FALSE
Day20C2,beta-D-Allose,2.4905000329017657,FALSE
Day20C2,m-Inositol,2.554099852,FALSE
Day20C2,Dextrin,2.6596999317407737,FALSE
Day20C2,Turanose,2.6770000159740457,FALSE
Day20C2,alpha-D-Lactose,2.8007998549999997,FALSE
Day20C2,gamma-Hydroxy Butyric Acid,2.847300246357906,FALSE
Day20C2,L-Arabinose,2.8707998829999997,FALSE
Day20C2,L-Phenylalanine,2.8772000968456277,FALSE
Day20C2,D-Mannitol,3.6298999509999996,FALSE
Day20C2,L-Lyxose,4.029899925,FALSE
Day20C2,D-Glucosaminic Acid,4.2693998209999995,FALSE
Day20C2,5-Keto-D-Gluconic Acid,4.328700080513968,FALSE
Day20C2,D-Arabitol,4.357300087809561,FALSE
Day20C2,gamma-Cyclodextrin,4.428800076246261,FALSE
Day20C2,D-Glucose-1-Phosphate,4.594299872,FALSE
Day20C2,Dihydroxy Acetone,4.674100145697599,FALSE
Day20C2,Oxalic Acid,5.1450998485088375,FALSE
Day20C2,D-Psicose,5.8187999029999995,FALSE
Day20C2,Sedoheptulosan,5.8412000238895505,FALSE
Day20C2,D-Raffinose,5.844799935817716,FALSE
Day20C2,L-Malic Acid,5.909699739,FALSE
Day20C2,D-Serine,6.253399865,FALSE
Day20C2,L-Serine,6.527499824,FALSE
Day20C2,alpha-D-Glucose,6.716499891,FALSE
Day20C2,Inosine,7.272099826,FALSE
Day20C2,Uridine,7.562599754,FALSE
Day20C2,Methyl Pyruvate,7.604599941,FALSE
Day20C2,D-Malic Acid,8.184799815,FALSE
Day20C2,Mono Methyl Succinate,8.662199816,FALSE
Day20C2,alpha-Hydroxy Glutaric Acid-gamma-Lactone,8.793199913,FALSE
Day20C2,alpha-Keto-Butyric Acid,9.070499718,FALSE
Day20C2,D-Trehalose,9.079499697,FALSE
Day20C2,Sorbic Acid,9.435699880123146,FALSE
Day20C2,Adenosine,9.519699897999999,FALSE
Day20C2,L-Threonine,9.796699794,FALSE
Day20C2,D-Glucosamine,10.554399967193607,FALSE
Day20C2,Glycyl-L-Aspartic Acid,10.63009993,FALSE
Day20C2,Succinamic Acid,10.889000013470651,FALSE
Day20C2,beta-Methyl-D-Glucuronic Acid,11.426899746060386,FALSE
Day20C2,Butyric Acid,12.045600160956374,FALSE
Day20C2,L-Lysine,12.079199954867367,FALSE
Day20C2,Tricarballylic Acid,12.084999741,FALSE
Day20C2,3-0-beta-D-Galactopyranosyl-D-Arabinose,12.230299845337871,FALSE
Day20C2,Oxalomalic Acid,12.809099942445759,FALSE
Day20C2,D-Gluconic Acid,12.911699672,FALSE
Day20C2,L-Arginine,13.369200006127354,FALSE
Day20C2,Quinic Acid,13.383999943733208,FALSE
Day20C2,D.L-Octopamine,13.622299894690512,FALSE
Day20C2,N-Acetyl-D Glucosamine,14.110599898,FALSE
Day20C2,"D,L-Carnitine",15.007899984717362,FALSE
Day20C2,Glycerol,15.365399742,FALSE
Day20C2,L-Lactic Acid,15.444099591,FALSE
Day20C2,L-Alaninamide,15.685800030827526,FALSE
Day20C2,Acetic Acid,15.724199717,FALSE
Day20C2,"1,2-Propanediol",16.182199917,TRUE
Day20C2,Itaconic Acid,16.556400015950196,TRUE
Day20C2,alpha-Hydroxy Butyric Acid,17.357599857,TRUE
Day20C2,L-Alanyl-Glycine,18.314099819,TRUE
Day20C2,Gelatin,18.98390001058578,TRUE
Day20C2,Citraconic Acid,19.09309962391853,TRUE
Day20C2,Tween 20,19.689999768,TRUE
Day20C2,Propionic Acid,20.05500013,TRUE
Day20C2,Fumaric Acid,20.767700017,TRUE
Day20C2,Capric Acid,22.107900030910972,TRUE
Day20C2,Malonic Acid,23.198800235986706,TRUE
Day20C2,D-Ribose,23.206699931,TRUE
Day20C2,Succinic Acid,24.010699963,TRUE
Day20C2,a-Keto-Valeric Acid,24.109699800610542,TRUE
Day20C2,D-Alanine,24.522099631,TRUE
Day20C2,D-Fructose,27.310799809,TRUE
Day20C2,Glycyl-L-Glutamic Acid,28.775199808,TRUE
Day20C2,2-Aminoethanol,29.320699717,TRUE
Day20C2,Tween 40,29.577899786,TRUE
Day20C2,D-Lactic Acid Methyl Ester,30.169500082731247,TRUE
Day20C2,"D,L-alpha-Glycerol Phosphate",30.476699816,TRUE
Day20C2,Tween 80,30.777799834,TRUE
Day20C2,Bromo Succinic Acid,30.991899706999998,TRUE
Day20C2,Glycine,30.99969992041587,TRUE
Day20C2,Glycyl-L-Proline,31.814999753,TRUE
Day20C2,L-Aspartic Acid,31.845599825,TRUE
Day20C2,Citric Acid,32.09909988,TRUE
Day20C2,gamma-Amino Butyric Acid,33.37159995734691,TRUE
Day20C2,Citramalic Acid,35.285600140690796,TRUE
Day20C2,L-Isoleucine,35.957300081849084,TRUE
Day20C2,Hydroxy-L-Proline,37.11679998040198,TRUE
Day20C2,L-Ornithine,37.99930001795291,TRUE
Day20C2,L-Asparagine,39.838999818,TRUE
Day20C2,L-Leucine,40.4522000849247,TRUE
Day20C2,"D,L-Malic Acid",41.549199587,TRUE
Day20C2,L-Glutamine,41.893899871,TRUE
Day20C2,Putrescine,42.43139985203744,TRUE
Day20C2,L-Pyroglutamic Acid,43.71260008215906,TRUE
Day20C2,L-Proline,44.318499895,TRUE
Day20C2,L-Alanine,44.926500058,TRUE
Day20C2,L-Glutamic Acid,47.706699987,TRUE
Day20C2,Sebacic Acid,48.05070003867149,TRUE
Day20C2,L-Histidine,48.363699927926064,TRUE
Day20C2,alpha-Keto-Glutaric Acid,50.26880011,TRUE
Day20C2,4-Hydroxy Benzoic Acid,50.923199877142906,TRUE
Day20C2,Pyruvic Acid,54.72800017,TRUE
Day20C2,delta-Amino Valeric Acid,55.14460012316703,TRUE
Day20C2,N-Acetyl-L-Glutamic Acid,57.13509982824325,TRUE
Day20C2,beta-Hydroxy Butyric Acid,58.612000182271004,TRUE
Day20C2,Inulin,63.198099911212914,TRUE
Day20C2,Caproic Acid,63.670300126075745,TRUE
Day20C2,Tyramine,69.594199423,TRUE
Day20C2,p-Hydroxy Phenyl Acetic Acid,69.95390016099999,TRUE
Day20F4,2-Hydroxy Benzoic Acid,-14.234700068831417,FALSE
Day20F4,L-Homoserine,-14.145400032401085,FALSE
Day20F4,Phenylethylamine,-10.513299988,FALSE
Day20F4,L-Lysine,-9.68590016663072,FALSE
Day20F4,Sec-Butylamine,-9.435299977660168,FALSE
Day20F4,L-Ornithine,-9.379500195384017,FALSE
Day20F4,Capric Acid,-8.637600161135197,FALSE
Day20F4,"2,3-Butanone",-7.741700023412693,FALSE
Day20F4,beta-Methyl-D-Xyloside,-7.599100008606904,FALSE
Day20F4,L-Valine,-7.59200002253054,FALSE
Day20F4,"2,3-Butanediol",-7.4705001115799,FALSE
Day20F4,"D,L-Carnitine",-6.803500071167937,FALSE
Day20F4,Glycine,-6.771600082516671,FALSE
Day20F4,2-Deoxy-D-Ribose,-5.704300165176386,FALSE
Day20F4,Sorbic Acid,-5.679800130426876,FALSE
Day20F4,L-Histidine,-5.528500139713286,FALSE
Day20F4,3-Hydroxy 2-Butanone,-5.42949999123811,FALSE
Day20F4,delta-Amino Valeric Acid,-5.344700060784821,FALSE
Day20F4,2-Deoxy Adenosine,-5.286999856,FALSE
Day20F4,Dulcitol,-5.241199866,FALSE
Day20F4,N-Acetyl-D-Galactosamine,-5.093699976801858,FALSE
Day20F4,L-Tartaric Acid,-4.770599991083145,FALSE
Day20F4,Tyramine,-4.767799994,FALSE
Day20F4,Mannan,-4.7454001307487275,FALSE
Day20F4,Dihydroxy Acetone,-4.613000035285939,FALSE
Day20F4,beta-D-Allose,-4.541300021111963,FALSE
Day20F4,L-Arabitol,-4.457599975168699,FALSE
Day20F4,L-Methionine,-4.222600087523452,FALSE
Day20F4,Glyoxylic Acid,-4.043499891,FALSE
Day20F4,L-Arginine,-4.017800062894818,FALSE
Day20F4,Xylitol,-3.9477000832557674,FALSE
Day20F4,D-Tagatose,-3.5393001660704484,FALSE
Day20F4,N-Acetyl-Neuraminic Acid,-3.5302000939845892,FALSE
Day20F4,beta-Methyl-D-Glucuronic Acid,-3.404200106859191,FALSE
Day20F4,i-Erythritol,-3.3900000974535773,FALSE
Day20F4,D-Fucose,-3.3119000419974203,FALSE
Day20F4,L-Glucose,-3.206600069999688,FALSE
Day20F4,N-Acetyl-D-Glucosaminitol,-3.096800133585919,FALSE
Day20F4,D-Tartaric Acid,-2.9656000211834943,FALSE
Day20F4,Thymidine,-2.8087999999999997,FALSE
Day20F4,Acetamide,-2.616200067102897,FALSE
Day20F4,D.L-Octopamine,-2.4275000244378995,FALSE
Day20F4,L-Isoleucine,-2.262100160121901,FALSE
Day20F4,L-Sorbose,-2.172000087797639,FALSE
Day20F4,Sebacic Acid,-2.094400063157078,FALSE
Day20F4,Maltitol,-1.968200035393224,FALSE
Day20F4,"D-Ribono-1,4-Lactone",-1.9027002155780723,FALSE
Day20F4,L-Leucine,-1.8852000534534301,FALSE
Day20F4,5-Keto-D-Gluconic Acid,-1.692499995231623,FALSE
Day20F4,3-Methyl Glucose,-1.3172999545931463,FALSE
Day20F4,Chondroitin Sulfate C,-1.248700045049186,FALSE
Day20F4,D-Mannitol,-1.1816998969999994,FALSE
Day20F4,Turanose,-0.8169001787900809,FALSE
Day20F4,Palatinose,-0.5457001477479783,FALSE
Day20F4,Gelatin,-0.498799994587892,FALSE
Day20F4,Glycogen,-0.457100123167029,FALSE
Day20F4,D-Galacturonic Acid,-0.2823999129999998,FALSE
Day20F4,alpha-Methyl-D-Mannoside,-0.27960003912448106,FALSE
Day20F4,Uridine,-0.23730001799999983,FALSE
Day20F4,Oxalic Acid,-0.17630021274089336,FALSE
Day20F4,gamma-Cyclodextrin,0.05259994417429979,FALSE
Day20F4,Sedoheptulosan,0.10889986157419211,FALSE
Day20F4,beta-Methyl-D-Galactoside,0.21759998798371888,FALSE
Day20F4,Acetoacetic Acid,0.2972000630000001,FALSE
Day20F4,Melibionic Acid,0.49729987978935974,FALSE
Day20F4,L-Galactonic Acid-gamma-Lactone,0.6417001240000002,FALSE
Day20F4,Laminarin,0.6614999175071878,FALSE
Day20F4,Malonic Acid,0.6665998399257818,FALSE
Day20F4,Adenosine,0.6789000200000004,FALSE
Day20F4,Stachyose,0.694899983704095,FALSE
Day20F4,Glucuronamide,0.9823000710000003,FALSE
Day20F4,L-Alaninamide,1.1257998049259406,FALSE
Day20F4,L-Lyxose,1.21870017,FALSE
Day20F4,L-Pyroglutamic Acid,1.312299922108661,FALSE
Day20F4,a-Methyl-D-Glucoside,1.4911998510360789,FALSE
Day20F4,Inosine,1.5458000390000002,FALSE
Day20F4,Lactitol,1.6636999174952491,FALSE
Day20F4,Salicin,1.7414999604225239,FALSE
Day20F4,D-Arabitol,1.757600098848342,FALSE
Day20F4,gamma-Hydroxy Butyric Acid,1.8054999560117748,FALSE
Day20F4,D-Arabinose,1.9109999537468088,FALSE
Day20F4,alpha-Cyclodextrin,1.9946998059749697,FALSE
Day20F4,3-0-beta-D-Galactopyranosyl-D-Arabinose,2.0141000151634327,FALSE
Day20F4,gamma-Amino Butyric Acid,2.196099959313876,FALSE
Day20F4,Caproic Acid,2.51610001921655,FALSE
Day20F4,Dextrin,2.54519984126092,FALSE
Day20F4,Amygdalin,2.6498999372124743,FALSE
Day20F4,D-Melibiose,2.6818001220000003,FALSE
Day20F4,a-Keto-Valeric Acid,2.8038999587297377,FALSE
Day20F4,D-Raffinose,2.8243998661637373,FALSE
Day20F4,Arbutin,2.92259984463456,FALSE
Day20F4,beta-Cyclodextrin,3.3190999776124976,FALSE
Day20F4,"D,L-alpha-Glycerol Phosphate",3.429400179,FALSE
Day20F4,2-Aminoethanol,3.6765000629999998,FALSE
Day20F4,Citraconic Acid,3.685099765658387,FALSE
Day20F4,D-Glucose-1-Phosphate,3.7255000600000003,FALSE
Day20F4,Putrescine,3.756999880075465,FALSE
Day20F4,Formic Acid,4.076999994,FALSE
Day20F4,Gentiobiose,4.2431999072432545,FALSE
Day20F4,D-Glucosamine,4.408600047230735,FALSE
Day20F4,D-Glucuronic Acid,4.979599981,FALSE
Day20F4,Lactulose,4.985500187,FALSE
Day20F4,D-Serine,5.097500163,FALSE
Day20F4,Glycyl-L-Glutamic Acid,5.246300015,FALSE
Day20F4,Quinic Acid,5.280599966645256,FALSE
Day20F4,Oxalomalic Acid,5.357799902558341,FALSE
Day20F4,Pectin,5.470700010657313,FALSE
Day20F4,D-Psicose,5.88230006,FALSE
Day20F4,alpha-Hydroxy Butyric Acid,5.970900043,FALSE
Day20F4,beta-Methyl-D Glucoside,5.982100052,FALSE
Day20F4,D-Melezitose,6.010599888861193,FALSE
Day20F4,D-Cellobiose,6.158400024,FALSE
Day20F4,Inulin,6.275999829173097,FALSE
Day20F4,L-Arabinose,6.790099919,FALSE
Day20F4,D-Malic Acid,6.811500221,FALSE
Day20F4,D-Glucose-6-Phosphate,6.9688000500000005,FALSE
Day20F4,L-Rhamnose,7.298999930000001,FALSE
Day20F4,alpha-Keto-Butyric Acid,7.345499978,FALSE
Day20F4,p-Hydroxy Phenyl Acetic Acid,7.57180018,FALSE
Day20F4,N-Acetyl-beta-D Mannosamine,7.601900185,FALSE
Day20F4,Glycolic Acid,7.700500035,FALSE
Day20F4,Butyric Acid,7.707499809563176,FALSE
Day20F4,D-Aspartic Acid,7.755100014,FALSE
Day20F4,Mucic Acid,7.8213001,FALSE
Day20F4,"1,2-Propanediol",8.052400024,FALSE
Day20F4,D-Lactic Acid Methyl Ester,8.153499916195885,FALSE
Day20F4,Hydroxy-L-Proline,8.200599938631063,FALSE
Day20F4,D-Xylose,8.285700159,FALSE
Day20F4,Maltose,8.678200055,FALSE
Day20F4,D-Glucosaminic Acid,8.986599959,FALSE
Day20F4,Glycerol,9.057300017,FALSE
Day20F4,D-Mannose,9.210100127,FALSE
Day20F4,Maltotriose,9.217900236,FALSE
Day20F4,Citramalic Acid,9.263099893927585,FALSE
Day20F4,alpha-Methyl-D Galactoside,9.727300209000001,FALSE
Day20F4,Adonitol,9.745900148,FALSE
Day20F4,alpha-Hydroxy Glutaric Acid-gamma-Lactone,10.097399988000001,FALSE
Day20F4,D-Threonine,10.427700118,FALSE
Day20F4,D-Fructose-6-Phosphate,10.74510018,FALSE
Day20F4,D-Sorbitol,11.131300173,FALSE
Day20F4,D-Saccharic Acid,11.271700224,FALSE
Day20F4,m-Inositol,11.274800104,FALSE
Day20F4,L-Threonine,11.347100177,FALSE
Day20F4,alpha-D-Lactose,11.384100061,FALSE
Day20F4,beta-Hydroxy Butyric Acid,11.430300012230884,FALSE
Day20F4,L-Serine,12.325200228,FALSE
Day20F4,N-Acetyl-L-Glutamic Acid,12.341399982571609,FALSE
Day20F4,m-Hydroxy Phenyl Acetic Acid,12.414100095,FALSE
Day20F4,D-Galactose,12.550100016,FALSE
Day20F4,Tricarballylic Acid,12.714800059,FALSE
Day20F4,D-Ribose,12.798500106,FALSE
Day20F4,Glycyl-L-Proline,12.864400062,FALSE
Day20F4,Acetic Acid,12.907400093,FALSE
Day20F4,Propionic Acid,13.007900006,FALSE
Day20F4,Glycyl-L-Aspartic Acid,13.463700164,FALSE
Day20F4,L-Alanyl-Glycine,13.593700158,FALSE
Day20F4,D-Alanine,13.803499997,FALSE
Day20F4,Itaconic Acid,13.821599960327164,FALSE
Day20F4,D-Trehalose,14.195900128,FALSE
Day20F4,D-Fructose,14.426900201,FALSE
Day20F4,Sucrose,14.470000115,FALSE
Day20F4,Tween 20,15.213400091,FALSE
Day20F4,Succinamic Acid,15.313999801874166,FALSE
Day20F4,4-Hydroxy Benzoic Acid,15.50479985773565,FALSE
Day20F4,L-Malic Acid,15.556100143,FALSE
Day20F4,L-Fucose,15.809300133,TRUE
Day20F4,Tween 80,16.252000052,TRUE
Day20F4,N-Acetyl-D Glucosamine,17.251100155,TRUE
Day20F4,D-Galactonic Acid-gamma-Lactone,17.617600169,TRUE
Day20F4,Tween 40,17.944599974,TRUE
Day20F4,L-Glutamic Acid,18.102300044,TRUE
Day20F4,L-Lactic Acid,18.828400244,TRUE
Day20F4,Methyl Pyruvate,19.127199902,TRUE
Day20F4,Citric Acid,21.112500301,TRUE
Day20F4,m-Tartaric Acid,21.372699793,TRUE
Day20F4,Pyruvic Acid,24.027000109,TRUE
Day20F4,Succinic Acid,24.058200041,TRUE
Day20F4,L-Alanine,24.427800023,TRUE
Day20F4,D-Gluconic Acid,24.746800171,TRUE
Day20F4,Bromo Succinic Acid,25.286300063,TRUE
Day20F4,"D,L-Malic Acid",25.299700158,TRUE
Day20F4,L-Asparagine,25.328400236,TRUE
Day20F4,Mono Methyl Succinate,26.643399975,TRUE
Day20F4,L-Aspartic Acid,26.667799933,TRUE
Day20F4,alpha-Keto-Glutaric Acid,28.323200209,TRUE
Day20F4,L-Phenylalanine,29.37509982287885,TRUE
Day20F4,Fumaric Acid,29.766500076,TRUE
Day20F4,alpha-D-Glucose,30.438900134,TRUE
Day20F4,L-Glutamine,37.568000249,TRUE
Day20F4,L-Proline,38.6586998,TRUE
Day20P1,L-Methionine,-3.8901000469922624,FALSE
Day20P1,L-Homoserine,-3.6367999091744143,FALSE
Day20P1,Phenylethylamine,-3.193800104,FALSE
Day20P1,D-Fucose,-3.114200048148611,FALSE
Day20P1,Dulcitol,-2.718000141,FALSE
Day20P1,Thymidine,-2.6075001240000004,FALSE
Day20P1,3-Hydroxy 2-Butanone,-2.4119000136852264,FALSE
Day20P1,"2,3-Butanone",-2.0742000415921384,FALSE
Day20P1,Uridine,-2.064700143,FALSE
Day20P1,gamma-Cyclodextrin,-1.9362999722361662,FALSE
Day20P1,Glucuronamide,-1.618200161,FALSE
Day20P1,beta-Methyl-D-Xyloside,-1.577399931848074,FALSE
Day20P1,2-Deoxy-D-Ribose,-1.5501000210642693,FALSE
Day20P1,Mannan,-1.4642999768257192,FALSE
Day20P1,Capric Acid,-1.1613999754190774,FALSE
Day20P1,L-Lyxose,-1.1573000560000002,FALSE
Day20P1,L-Tartaric Acid,-1.1402999609708975,FALSE
Day20P1,D-Aspartic Acid,-1.085500182,FALSE
Day20P1,D-Galacturonic Acid,-1.0557000910000003,FALSE
Day20P1,N-Acetyl-Neuraminic Acid,-1.0518998727202535,FALSE
Day20P1,beta-Methyl-D-Glucuronic Acid,-1.045900113880648,FALSE
Day20P1,3-Methyl Glucose,-1.0135999247432073,FALSE
Day20P1,5-Keto-D-Gluconic Acid,-1.0045998990535991,FALSE
Day20P1,D-Saccharic Acid,-0.9783000930000003,FALSE
Day20P1,i-Erythritol,-0.9413999542594083,FALSE
Day20P1,alpha-Cyclodextrin,-0.7560999095440075,FALSE
Day20P1,N-Acetyl-D-Galactosamine,-0.7523000910878151,FALSE
Day20P1,2-Deoxy Adenosine,-0.673700069,FALSE
Day20P1,Formic Acid,-0.31130012999999995,FALSE
Day20P1,L-Glucose,-0.2930000945925973,FALSE
Day20P1,Sec-Butylamine,-0.2630998492241292,FALSE
Day20P1,"2,3-Butanediol",-0.21040004491808725,FALSE
Day20P1,beta-D-Allose,-0.19589992612602336,FALSE
Day20P1,L-Arabinose,0.07919994899999985,FALSE
Day20P1,a-Keto-Valeric Acid,0.09910017251966186,FALSE
Day20P1,alpha-Keto-Butyric Acid,0.11759989499999983,FALSE
Day20P1,Palatinose,0.14829991757868086,FALSE
Day20P1,L-Rhamnose,0.27239987199999993,FALSE
Day20P1,beta-Cyclodextrin,0.6419999599456577,FALSE
Day20P1,D-Melibiose,0.831799946,FALSE
Day20P1,D-Glucose-6-Phosphate,0.8349000079999997,FALSE
Day20P1,Chondroitin Sulfate C,0.9794001281261188,FALSE
Day20P1,D-Threonine,1.164399987,FALSE
Day20P1,Xylitol,1.1923000141978048,FALSE
Day20P1,Lactulose,1.1956998869999997,FALSE
Day20P1,alpha-D-Lactose,1.1966998829999997,FALSE
Day20P1,D-Sorbitol,1.197499893,FALSE
Day20P1,Gelatin,1.261599898338294,FALSE
Day20P1,Glycolic Acid,1.275899915,FALSE
Day20P1,Oxalic Acid,1.2779999673366376,FALSE
Day20P1,2-Hydroxy Benzoic Acid,1.329300045967089,FALSE
Day20P1,"1,2-Propanediol",1.389699979,FALSE
Day20P1,3-0-beta-D-Galactopyranosyl-D-Arabinose,1.5809000208973447,FALSE
Day20P1,Acetamide,1.6517999470233748,FALSE
Day20P1,L-Sorbose,1.6967000663280267,FALSE
Day20P1,D-Tagatose,1.7007001489400748,FALSE
Day20P1,Acetoacetic Acid,1.7237998970000001,FALSE
Day20P1,alpha-Methyl-D Galactoside,1.7774999599999997,FALSE
Day20P1,Lactitol,1.7870000898837866,FALSE
Day20P1,alpha-Hydroxy Butyric Acid,1.8490999839999995,FALSE
Day20P1,beta-Methyl-D Glucoside,1.882899946,FALSE
Day20P1,D-Glucuronic Acid,1.9603000069999998,FALSE
Day20P1,Glycine,1.9722000882029387,FALSE
Day20P1,beta-Methyl-D-Galactoside,2.0056000053882346,FALSE
Day20P1,L-Arabitol,2.0648000240325777,FALSE
Day20P1,D-Tartaric Acid,2.217799983918659,FALSE
Day20P1,L-Galactonic Acid-gamma-Lactone,2.220899955,FALSE
Day20P1,"D,L-Carnitine",2.229000121355033,FALSE
Day20P1,Salicin,2.2464001998305236,FALSE
Day20P1,L-Lysine,2.3099000900983597,FALSE
Day20P1,L-Leucine,2.3161000236868947,FALSE
Day20P1,D-Serine,2.3239999669999998,FALSE
Day20P1,Mucic Acid,2.410699887,FALSE
Day20P1,alpha-Methyl-D-Mannoside,2.7413000613450738,FALSE
Day20P1,N-Acetyl-beta-D Mannosamine,2.8316998129999997,FALSE
Day20P1,a-Methyl-D-Glucoside,2.9162000045180076,FALSE
Day20P1,D-Psicose,2.92339983,FALSE
Day20P1,Sedoheptulosan,2.932800017297243,FALSE
Day20P1,Glyoxylic Acid,3.1279001150000005,FALSE
Day20P1,D-Raffinose,3.1345000267028627,FALSE
Day20P1,"D-Ribono-1,4-Lactone",3.202300004661072,FALSE
Day20P1,Turanose,3.204700030386431,FALSE
Day20P1,D-Cellobiose,3.335699999,FALSE
Day20P1,Adonitol,3.3608000049999998,FALSE
Day20P1,D-Glucose-1-Phosphate,3.42309997,FALSE
Day20P1,D-Galactose,3.458099967,FALSE
Day20P1,4-Hydroxy Benzoic Acid,3.4606000110506887,FALSE
Day20P1,Maltitol,3.5812001004814853,FALSE
Day20P1,D-Malic Acid,3.601899944,FALSE
Day20P1,Dextrin,3.618600077927119,FALSE
Day20P1,Glycogen,3.679500043392174,FALSE
Day20P1,D-Arabinose,3.7335000336170046,FALSE
Day20P1,m-Inositol,3.799199945,FALSE
Day20P1,Adenosine,3.889399863,FALSE
Day20P1,Laminarin,4.04140000045298,FALSE
Day20P1,Stachyose,4.087000146508198,FALSE
Day20P1,D-Glucosaminic Acid,4.090300017,FALSE
Day20P1,Sebacic Acid,4.105400025844541,FALSE
Day20P1,Maltotriose,4.154799954,FALSE
Day20P1,L-Pyroglutamic Acid,4.229699946939916,FALSE
Day20P1,D-Ribose,4.2900998999999995,FALSE
Day20P1,Tricarballylic Acid,4.561999935999999,FALSE
Day20P1,N-Acetyl-D-Glucosaminitol,4.603300020098695,FALSE
Day20P1,D-Fructose-6-Phosphate,4.680999878,FALSE
Day20P1,m-Hydroxy Phenyl Acetic Acid,4.903499907,FALSE
Day20P1,D-Mannose,5.109399869,FALSE
Day20P1,Melibionic Acid,5.157999902963637,FALSE
Day20P1,Glycyl-L-Glutamic Acid,5.191099912,FALSE
Day20P1,Gentiobiose,5.244999974966053,FALSE
Day20P1,Sorbic Acid,5.358400046825404,FALSE
Day20P1,L-Valine,5.575700022280192,FALSE
Day20P1,Citraconic Acid,5.676200076937654,FALSE
Day20P1,Arbutin,5.8464999720454,FALSE
Day20P1,gamma-Hydroxy Butyric Acid,5.85850003361701,FALSE
Day20P1,Maltose,5.895399884,FALSE
Day20P1,D-Xylose,5.91099991,FALSE
Day20P1,D-Melezitose,5.9996000230312205,FALSE
Day20P1,Amygdalin,6.130000032484521,FALSE
Day20P1,L-Threonine,6.320400012,FALSE
Day20P1,L-Fucose,6.527599856,FALSE
Day20P1,Inosine,6.6864999450000004,FALSE
Day20P1,Sucrose,6.768799856,FALSE
Day20P1,delta-Amino Valeric Acid,7.43280014395713,FALSE
Day20P1,alpha-Hydroxy Glutaric Acid-gamma-Lactone,7.460299891,FALSE
Day20P1,D-Glucosamine,7.713399946689568,FALSE
Day20P1,Oxalomalic Acid,7.825300008058535,FALSE
Day20P1,Pectin,7.935799956321705,FALSE
Day20P1,beta-Hydroxy Butyric Acid,8.12969993799922,FALSE
Day20P1,D-Alanine,8.183399905,FALSE
Day20P1,L-Ornithine,8.28590001910924,FALSE
Day20P1,Dihydroxy Acetone,8.865200087428077,FALSE
Day20P1,"D,L-alpha-Glycerol Phosphate",9.25449994,FALSE
Day20P1,Glycyl-L-Aspartic Acid,9.956299921,FALSE
Day20P1,L-Serine,10.65959991,FALSE
Day20P1,D-Galactonic Acid-gamma-Lactone,10.712600091,FALSE
Day20P1,Malonic Acid,11.58430009335278,FALSE
Day20P1,m-Tartaric Acid,13.078699939,FALSE
Day20P1,Citramalic Acid,13.295200183987602,FALSE
Day20P1,Inulin,13.399399921298023,FALSE
Day20P1,L-Alanyl-Glycine,13.878399813,FALSE
Day20P1,Caproic Acid,13.916699945926652,FALSE
Day20P1,Quinic Acid,14.026999935507755,FALSE
Day20P1,D-Lactic Acid Methyl Ester,14.803199931979165,FALSE
Day20P1,Methyl Pyruvate,15.006999951,FALSE
Day20P1,L-Phenylalanine,15.526800125837296,FALSE
Day20P1,L-Alanine,15.723799841,FALSE
Day20P1,D-Arabitol,16.4714000225067,TRUE
Day20P1,Mono Methyl Succinate,18.098700002,TRUE
Day20P1,Acetic Acid,18.332499893,TRUE
Day20P1,Bromo Succinic Acid,19.209499924,TRUE
Day20P1,L-Histidine,19.636000141501423,TRUE
Day20P1,L-Alaninamide,19.958100073039528,TRUE
Day20P1,D-Trehalose,20.54550002,TRUE
Day20P1,Hydroxy-L-Proline,21.482400208711613,TRUE
Day20P1,Putrescine,21.62400001287459,TRUE
Day20P1,Tween 20,22.702799859,TRUE
Day20P1,L-Isoleucine,22.870400100946412,TRUE
Day20P1,Pyruvic Acid,22.979599771,TRUE
Day20P1,2-Aminoethanol,23.041599933,TRUE
Day20P1,L-Arginine,23.087000042200078,TRUE
Day20P1,Itaconic Acid,23.122500076889978,TRUE
Day20P1,Tween 40,23.558399861,TRUE
Day20P1,L-Lactic Acid,23.577299788,TRUE
Day20P1,L-Malic Acid,26.990199752,TRUE
Day20P1,D-Mannitol,27.659300017,TRUE
Day20P1,Butyric Acid,27.789200030267235,TRUE
Day20P1,D-Fructose,29.312599757,TRUE
Day20P1,Succinamic Acid,29.452900111675252,TRUE
Day20P1,Tween 80,30.097299858,TRUE
Day20P1,Succinic Acid,30.45649993,TRUE
Day20P1,L-Aspartic Acid,31.832499759,TRUE
Day20P1,"D,L-Malic Acid",32.0969999,TRUE
Day20P1,D-Gluconic Acid,33.191299986,TRUE
Day20P1,Fumaric Acid,35.185299822,TRUE
Day20P1,alpha-D-Glucose,36.125399623999996,TRUE
Day20P1,L-Glutamic Acid,38.224299949,TRUE
Day20P1,Glycerol,41.242300066,TRUE
Day20P1,L-Asparagine,42.280699801,TRUE
Day20P1,N-Acetyl-D Glucosamine,43.239799944,TRUE
Day20P1,Citric Acid,44.082300072,TRUE
Day20P1,L-Glutamine,44.434199884,TRUE
Day20P1,Propionic Acid,46.866999719,TRUE
Day20P1,N-Acetyl-L-Glutamic Acid,47.07999977469442,TRUE
Day20P1,alpha-Keto-Glutaric Acid,48.101299987,TRUE
Day20P1,D.L-Octopamine,48.97690015286205,TRUE
Day20P1,gamma-Amino Butyric Acid,51.45530015230178,TRUE
Day20P1,Tyramine,52.368399761,TRUE
Day20P1,Glycyl-L-Proline,54.162800099,TRUE
Day20P1,p-Hydroxy Phenyl Acetic Acid,55.170599886,TRUE
Day20P1,L-Proline,56.971099922,TRUE
Day20T3,L-Homoserine,-6.481100119650294,FALSE
Day20T3,Phenylethylamine,-5.297399976,FALSE
Day20T3,Glyoxylic Acid,-2.725599874,FALSE
Day20T3,"2,3-Butanone",-1.834700047969817,FALSE
Day20T3,Glucuronamide,-1.574800022,FALSE
Day20T3,D-Aspartic Acid,-1.474200088,FALSE
Day20T3,D-Fucose,-1.4576999992132291,FALSE
Day20T3,Sec-Butylamine,-1.3802000433206738,FALSE
Day20T3,Dulcitol,-1.3370999879999999,FALSE
Day20T3,Glycolic Acid,-0.8599000189999998,FALSE
Day20T3,2-Deoxy Adenosine,-0.7758999440000001,FALSE
Day20T3,Sucrose,-0.7455998599999996,FALSE
Day20T3,2-Hydroxy Benzoic Acid,-0.6138999685645171,FALSE
Day20T3,beta-Methyl-D-Glucuronic Acid,-0.6001998931169661,FALSE
Day20T3,Mannan,-0.5202999189496079,FALSE
Day20T3,Thymidine,-0.4074000889999999,FALSE
Day20T3,D-Cellobiose,-0.35209990599999985,FALSE
Day20T3,D-Mannose,-0.18300014599999984,FALSE
Day20T3,L-Tartaric Acid,-0.17690013349055508,FALSE
Day20T3,D-Galacturonic Acid,-0.12889988599999996,FALSE
Day20T3,L-Methionine,0.007399991154671159,FALSE
Day20T3,i-Erythritol,0.27290000021459004,FALSE
Day20T3,L-Galactonic Acid-gamma-Lactone,0.30289996500000016,FALSE
Day20T3,N-Acetyl-D-Galactosamine,0.307999931275846,FALSE
Day20T3,D-Threonine,0.338400084,FALSE
Day20T3,3-Hydroxy 2-Butanone,0.4553999900817918,FALSE
Day20T3,L-Arabinose,0.468400099,FALSE
Day20T3,Lactulose,0.47729988400000006,FALSE
Day20T3,Palatinose,0.5829000174999279,FALSE
Day20T3,D-Raffinose,0.6808999031782227,FALSE
Day20T3,Maltose,0.690300138,FALSE
Day20T3,D-Melibiose,0.7090999499999996,FALSE
Day20T3,5-Keto-D-Gluconic Acid,0.8595999628305552,FALSE
Day20T3,Chondroitin Sulfate C,0.900200061500072,FALSE
Day20T3,D-Glucose-6-Phosphate,0.9209001349999999,FALSE
Day20T3,beta-Methyl-D-Xyloside,1.154200002551093,FALSE
Day20T3,Tricarballylic Acid,1.1730000379999999,FALSE
Day20T3,D-Psicose,1.174700122,FALSE
Day20T3,Laminarin,1.2386000528931709,FALSE
Day20T3,"2,3-Butanediol",1.5723999738693462,FALSE
Day20T3,Gentiobiose,1.576000019907963,FALSE
Day20T3,alpha-D-Lactose,1.7391000570000001,FALSE
Day20T3,D-Tartaric Acid,1.8234000205993708,FALSE
Day20T3,beta-D-Allose,1.8339998573065022,FALSE
Day20T3,"D-Ribono-1,4-Lactone",1.884499907493613,FALSE
Day20T3,L-Glucose,1.9583000093698737,FALSE
Day20T3,Adonitol,2.072899962,FALSE
Day20T3,Maltotriose,2.079600035,FALSE
Day20T3,D-Malic Acid,2.084499932,FALSE
Day20T3,D-Galactose,2.1379998920000003,FALSE
Day20T3,gamma-Cyclodextrin,2.428899914026286,FALSE
Day20T3,3-0-beta-D-Galactopyranosyl-D-Arabinose,2.489399805665028,FALSE
Day20T3,alpha-Methyl-D-Mannoside,2.512799948453921,FALSE
Day20T3,Acetoacetic Acid,2.6461000420000005,FALSE
Day20T3,Glycyl-L-Glutamic Acid,2.67530001,FALSE
Day20T3,L-Valine,2.687899842858331,FALSE
Day20T3,D-Saccharic Acid,2.717399993,FALSE
Day20T3,D-Sorbitol,2.768699811,FALSE
Day20T3,Xylitol,2.79399995505811,FALSE
Day20T3,2-Deoxy-D-Ribose,2.8479000478983076,FALSE
Day20T3,gamma-Hydroxy Butyric Acid,2.855300009250664,FALSE
Day20T3,L-Lyxose,2.9070000780000003,FALSE
Day20T3,m-Inositol,2.964600086,FALSE
Day20T3,L-Rhamnose,2.98700007,FALSE
Day20T3,Gelatin,3.060099899768849,FALSE
Day20T3,Salicin,3.1183001846075262,FALSE
Day20T3,N-Acetyl-Neuraminic Acid,3.313700169324893,FALSE
Day20T3,"1,2-Propanediol",3.3232000509999997,FALSE
Day20T3,Arbutin,3.4783999770879848,FALSE
Day20T3,Mucic Acid,3.492100057,FALSE
Day20T3,Adenosine,3.53349982,FALSE
Day20T3,3-Methyl Glucose,3.821799889206899,FALSE
Day20T3,Sedoheptulosan,3.8496999144554214,FALSE
Day20T3,L-Sorbose,3.9162000119686207,FALSE
Day20T3,Lactitol,3.949200004339223,FALSE
Day20T3,alpha-Cyclodextrin,4.076200097799317,FALSE
Day20T3,D-Melezitose,4.162800014019022,FALSE
Day20T3,D-Glucose-1-Phosphate,4.190200093,FALSE
Day20T3,Turanose,4.190399870276461,FALSE
Day20T3,a-Methyl-D-Glucoside,4.225999921560285,FALSE
Day20T3,Stachyose,4.234799861907953,FALSE
Day20T3,D-Xylose,4.294100073,FALSE
Day20T3,L-Arabitol,4.328499943017957,FALSE
Day20T3,Acetamide,4.367799982428561,FALSE
Day20T3,N-Acetyl-D-Glucosaminitol,4.373900085687641,FALSE
Day20T3,Oxalic Acid,4.4021999537944865,FALSE
Day20T3,beta-Methyl-D-Galactoside,4.50919994711876,FALSE
Day20T3,Glycogen,4.665700092911718,FALSE
Day20T3,alpha-Methyl-D Galactoside,4.786200032,FALSE
Day20T3,D-Tagatose,4.82220004498959,FALSE
Day20T3,m-Hydroxy Phenyl Acetic Acid,4.989600135,FALSE
Day20T3,beta-Methyl-D Glucoside,5.119600145000001,FALSE
Day20T3,Amygdalin,5.170900046825409,FALSE
Day20T3,D-Glucuronic Acid,5.224100022,FALSE
Day20T3,Formic Acid,5.290999955,FALSE
Day20T3,D-Arabitol,5.347399994730961,FALSE
Day20T3,Pectin,5.566900044679659,FALSE
Day20T3,Maltitol,5.714299917221075,FALSE
Day20T3,Dextrin,5.747099742293355,FALSE
Day20T3,beta-Cyclodextrin,5.75570009648802,FALSE
Day20T3,D-Trehalose,5.805799901,FALSE
Day20T3,N-Acetyl-beta-D Mannosamine,5.881500022,FALSE
Day20T3,D-Glucosaminic Acid,5.908399974,FALSE
Day20T3,D-Arabinose,6.031200066208849,FALSE
Day20T3,Melibionic Acid,6.829499825835226,FALSE
Day20T3,D-Serine,6.918799964,FALSE
Day20T3,Citraconic Acid,6.970299854874609,FALSE
Day20T3,L-Threonine,7.005799983,FALSE
Day20T3,L-Lysine,7.153600007295619,FALSE
Day20T3,Glycyl-L-Aspartic Acid,7.419699978000001,FALSE
Day20T3,Quinic Acid,7.566499993205084,FALSE
Day20T3,Inulin,7.835199788212795,FALSE
Day20T3,L-Fucose,7.86290014,FALSE
Day20T3,L-Serine,7.994399959,FALSE
Day20T3,Uridine,8.146699967,FALSE
Day20T3,D-Galactonic Acid-gamma-Lactone,8.226199918,FALSE
Day20T3,alpha-Hydroxy Butyric Acid,8.590399874000001,FALSE
Day20T3,Dihydroxy Acetone,8.819299980998037,FALSE
Day20T3,D-Fructose-6-Phosphate,8.98800003,FALSE
Day20T3,D-Ribose,9.414399942,FALSE
Day20T3,Oxalomalic Acid,9.617499917745599,FALSE
Day20T3,alpha-Hydroxy Glutaric Acid-gamma-Lactone,9.617499993,FALSE
Day20T3,alpha-Keto-Butyric Acid,9.776599985,FALSE
Day20T3,Methyl Pyruvate,10.344799869,FALSE
Day20T3,m-Tartaric Acid,10.579900022,FALSE
Day20T3,"D,L-alpha-Glycerol Phosphate",10.631799891,FALSE
Day20T3,Glycine,10.63690000772476,FALSE
Day20T3,"D,L-Carnitine",12.706199884414689,FALSE
Day20T3,L-Ornithine,13.277300000190744,FALSE
Day20T3,a-Keto-Valeric Acid,13.338599979877467,FALSE
Day20T3,L-Alanyl-Glycine,14.312100138,FALSE
Day20T3,Sebacic Acid,14.347199916839607,FALSE
Day20T3,D-Glucosamine,14.6699998676777,FALSE
Day20T3,L-Arginine,14.797499939799318,FALSE
Day20T3,D-Lactic Acid Methyl Ester,16.74749992787838,TRUE
Day20T3,Inosine,16.861700022,TRUE
Day20T3,L-Alaninamide,17.12929992377759,TRUE
Day20T3,L-Phenylalanine,17.930999919772166,TRUE
Day20T3,Citramalic Acid,20.881099998950965,TRUE
Day20T3,Malonic Acid,21.950999990105647,TRUE
Day20T3,L-Leucine,24.97570000588894,TRUE
Day20T3,Sorbic Acid,25.92309993505478,TRUE
Day20T3,Bromo Succinic Acid,26.485999881,TRUE
Day20T3,delta-Amino Valeric Acid,27.551599949598323,TRUE
Day20T3,Mono Methyl Succinate,28.167800139,TRUE
Day20T3,Succinamic Acid,28.63980004191399,TRUE
Day20T3,D-Alanine,29.654299998,TRUE
Day20T3,L-Isoleucine,30.084799900650985,TRUE
Day20T3,Acetic Acid,30.867999782,TRUE
Day20T3,beta-Hydroxy Butyric Acid,30.90669982135296,TRUE
Day20T3,Butyric Acid,30.985699936747547,TRUE
Day20T3,D-Fructose,32.345700064,TRUE
Day20T3,L-Lactic Acid,33.421200346,TRUE
Day20T3,L-Histidine,34.83809986710549,TRUE
Day20T3,Caproic Acid,37.60740008950234,TRUE
Day20T3,Pyruvic Acid,37.650500114,TRUE
Day20T3,Propionic Acid,38.284800115,TRUE
Day20T3,Hydroxy-L-Proline,38.61780011653901,TRUE
Day20T3,L-Malic Acid,39.96050004,TRUE
Day20T3,L-Aspartic Acid,39.969500048,TRUE
Day20T3,Fumaric Acid,40.321100066,TRUE
Day20T3,Putrescine,40.5590000897646,TRUE
Day20T3,D.L-Octopamine,40.65519991517068,TRUE
Day20T3,2-Aminoethanol,41.883100158,TRUE
Day20T3,L-Pyroglutamic Acid,42.76369974017143,TRUE
Day20T3,D-Mannitol,43.598699999,TRUE
Day20T3,Itaconic Acid,43.99679990112783,TRUE
Day20T3,Capric Acid,44.312199816107764,TRUE
Day20T3,Tween 20,45.343199912,TRUE
Day20T3,4-Hydroxy Benzoic Acid,45.74840012192727,TRUE
Day20T3,N-Acetyl-D Glucosamine,46.039200052,TRUE
Day20T3,Succinic Acid,46.081699844,TRUE
Day20T3,Glycerol,46.768900086,TRUE
Day20T3,"D,L-Malic Acid",49.6941999,TRUE
Day20T3,L-Alanine,49.991999932,TRUE
Day20T3,Citric Acid,50.294400237,TRUE
Day20T3,N-Acetyl-L-Glutamic Acid,51.57529984414578,TRUE
Day20T3,alpha-Keto-Glutaric Acid,52.815999876999996,TRUE
Day20T3,Tyramine,52.946600172000004,TRUE
Day20T3,L-Glutamic Acid,55.742300001,TRUE
Day20T3,L-Asparagine,58.180200031,TRUE
Day20T3,gamma-Amino Butyric Acid,59.560400053858764,TRUE
Day20T3,D-Gluconic Acid,64.540300202,TRUE
Day20T3,Tween 40,65.255199975,TRUE
Day20T3,Glycyl-L-Proline,65.452299977,TRUE
Day20T3,Tween 80,66.570500219,TRUE
Day20T3,L-Glutamine,69.06860005,TRUE
Day20T3,alpha-D-Glucose,74.926500005,TRUE
Day20T3,p-Hydroxy Phenyl Acetic Acid,76.15229971,TRUE
Day20T3,L-Proline,84.115200243,TRUE
